{
  "version": "v4",
  "repo": "borisyankov/DefinitelyTyped",
  "ref": "master",
  "path": "typings",
  "bundle": "typings/tsd.d.ts",
  "installed": {
    "angularjs/angular.d.ts": {
      "commit": "3a666d1bff92e944488c25599ec56a4937c17c4e"
    },
    "jquery/jquery.d.ts": {
      "commit": "e69fe60f2d6377ea4fae539493997b098f52cad1"
    },
    "angular-ui-router/angular-ui-router.d.ts": {
      "commit": "fc341765ebbb04b7109981a25dced01f488f4d94"
    },
    "restangular/restangular.d.ts": {
      "commit": "78ba6e41543e5ababbd1dda19797601be3c1f304"
    },
    "moment/moment.d.ts": {
      "commit": "93bae1bb4c887c1375a4c1f0c3bb849ff06b8ac6"
    },
    "moment/moment-node.d.ts": {
      "commit": "93bae1bb4c887c1375a4c1f0c3bb849ff06b8ac6"
    },
    "angular-loading-bar/angular-loading-bar.d.ts": {
      "commit": "3a666d1bff92e944488c25599ec56a4937c17c4e"
    },
    "angular-spinner/angular-spinner.d.ts": {
      "commit": "3a666d1bff92e944488c25599ec56a4937c17c4e"
    },
    "d3/d3.d.ts": {
      "commit": "8960370289f10cf75b72cb3e06a15150c1b323e2"
    },
    "lodash/lodash-3.10.d.ts": {
      "commit": "e12c8e3bcdd77fb05d498ec61525be6ad112dfd6"
    }
  }
}
