{
  "rules": {
    "class-name": true,
    "comment-format": [true, "check-space"],
    "curly": true,
    "eofline": true,
    "max-line-length": [true, 160],
    "no-console": true,
    "no-debugger": true,
    "no-duplicate-key": true,
    "no-duplicate-variable": true,
    "no-empty": false,
    "no-eval": true,
    "no-shadowed-variable": true,
    "no-trailing-whitespace": true,
    "no-unreachable": true,
    "no-var-keyword": true,
    "triple-equals": true,
    "quotemark": [true, "double"],
    "radix": true,
    "variable-name": [true,
      "ban-keywords"
    ],
    "whitespace": [true,
      "check-branch",
      "check-module",
      "check-operator",
      "check-separator",
      "check-type",
      "check-typecast"
    ]
  }
}
