{
    "OPINTOVIIKKO": "ov",
    "OSAAMISPISTE": "osp",
    "aktiivista-tekstia-ei-ole": "Sisältöä ei ole valittu",
    "alatunniste": "Alatunniste",
    "alaviite-ohje-otsikko": "Alaviite",
    "ammattitaidon-osoittamistavat": "Ammattitaidon osoittamistavat",
    "ammattitaitovaatimuksen-koodi": "Ammattitaitovaatimuksen koodi",
    "ammattitaitovaatimukset": "Ammattitaitovaatimukset",
    "ammattitaitovaatimukset-tekstina": "Ammattitaitovaatimukset tekstinä",
    "anna-nimi": "Anna nimi",
    "apuotsikko": "Apuotsikko",
    "arvioinnin-kohde": "Arvioinnin kohde",
    "arvioinnin-kohteen-otsikko": "Arvioinnin kohteen otsikko",
    "arvioinnin-kohteen-selite": "Arvioinnin kohteen selite",
    "arviointi": "Arviointi",
    "arviointi-rakenne-virhe": "Arvioinnin kohteella tulee olla arviointiasteikko ja kaikki kohteen kriteerit tulee sitoa näihin arviointiasteikon osaamistasoihin.",
    "arvo-askelvirhe": "Askelvirhe",
    "arvo-ei-desimaaliluku": "Arvo ei ole desimaaliluku",
    "arvo-ei-kokonaisluku": "Arvo ei ole kokonaisluku",
    "arvo-ei-numero": "Arvo ei ole numero",
    "arvo-rajojen-ulkopuolella": "Arvo rajojen ulkopuolella",
    "asetukset": "Asetukset",
    "avaa-kaikki": "Avaa kaikki",
    "dokumentti": "Dokumentti",
    "dokumentti-ei-ole": "Dokumentti ei ole olemassa.",
    "dokumentti-epaonnistui": "Dokumentin luominen epäonnistui.",
    "edellinen": "Edellinen",
    "editoi-uutta": "Jatka normaalisti",
    "editoi-vanhaa": "Editoi vanhaa versiota",
    "ei-hakutuloksia": "Ei hakutuloksia",
    "ei-kuvia": "Ei kuvia",
    "ei-oikeutta-suorittaa": "Ei riittäviä käyttöoikeuksia",
    "ei-paivitysta-vaativia-toteutussuunnitelmia": "Toteutussuunnitelmat eivät vaadi päivitystä",
    "ei-siirtoa-vaativia-toteutussuunnitelmia": "Yhtään vanhaa toteutussuunnitelmaa ei löytynyt.",
    "ei-sisaltoa": "Ei sisältöä",
    "ei-validi-paikallinen-koodi": "Paikallinen koodi on virheellinen",
    "ei-validia-html": "Teksti saa sisältää vain ennaltamääriteltyjä html-elementtejä",
    "ei-voi-synkronoida": "Perustetta ei voi synkronoida",
    "ei-yksikkoa": "Ei yksikköä",
    "en": "englanti",
    "enemman": "Enemmän",
    "epimage-plugin-button-label": "Kuva",
    "epimage-plugin-hylatty": "Voit ladata vain jpg- tai png-tyyppisiä kuvia.",
    "epimage-plugin-koko": "Kuvan koko",
    "epimage-plugin-kuvan-asetukset": "Kuvan asetukset",
    "epimage-plugin-kuvateksti": "Kuvateksti",
    "epimage-plugin-label": "Kuva",
    "epimage-plugin-label-epimage": "Kuva",
    "epimage-plugin-lisaa-uusi": "Lataa uusi kuva",
    "epimage-plugin-menu-muokkaa": "Muokkaa kuvaa",
    "epimage-plugin-menu-poista": "Poista kuva",
    "epimage-plugin-scale-invalid": "Leveys tai korkeus on viallinen.",
    "epimage-plugin-select-placeholder": "Valitse kuva...",
    "epimage-plugin-tallennettu": "Kuva tallennettu.",
    "epimage-plugin-title": "Lisää kuva",
    "epimage-plugin-valitse": "Valitse tiedosto...",
    "epimage-plugin-virhe-kuva-tyhja": "Valitse kuva.",
    "epimage-plugin-virhe-viite-tyhja": "Lisättävää kuvaa ei ole valittu.",
    "esikatselu": "Esikatselu",
    "etsi-koodistoista": "Etsi koodistoista",
    "fi": "suomi",
    "guidance-dokumentti-otsikko": "Dokumentin luonti",
    "guidance-dokumentti-sisalto": "Tässä näkymässä pystyt lataamaan dokumentin PDF-muodossa. Pystyt myös asettamaan oman kansilehden, ylätunnisteen ja alatunnisteen dokumenttiin lataamalla sen kuvana.",
    "guidance-kasitteet-otsikko": "Käsitteet",
    "guidance-kasitteet-sisalto": "Tässä näkymässä pystyt hallitsemaan käsitteitä. Käsitteet ovat käytettävissä toteutussuunnitelman tai yhteisen osan tekstikentissä.",
    "guidance-koulutustoimija-opetussuunnitelmat": "Alimpana on listaus kaikista opetussuunnitelmista. Voit käyttää hakukenttää niiden suodattamiseksi ja asettaa opetussuunnitelmia omiin suosikkeihin, jolloin ne tulevat näkyviin ensimmäisenä.",
    "guidance-koulutustoimija-otsikko": "Koulutuksen järjestäjän näkymä",
    "guidance-koulutustoimija-sisalto": "Tässä näkymässä näet yleissilmäyksen koulutuksen järjestäjäsi tuottamaan sisältöön.",
    "guidance-koulutustoimija-tiedotteet": "Näet koulutuksen järjestäjäsi ja Opetushallituksen tiedotteet ylimpänä. Uudet tiedotteet tulevat automaattisesti näkyviin etusivulle jossa voit kuitata ne nähdyksi.",
    "guidance-koulutustoimija-yhteinen": "Koulutuksen järjestäjän yhteinen osa näkyy listassa omassa kokonaisuutena.",
    "guidance-oikeudet-otsikko": "Oikeuden hallinta",
    "guidance-oikeudet-sisalto": "Tässä näkymässä pystyt hallitsemaan kyseisen toteutussuunnitelman tai yhteisen osan henkilöiden oikeuksia. Oletuksena kaikilla koulutuksen järjestäjään kuuluvilla on oikeudet lukea ja kommentoida.",
    "guidance-opetussuunnitelmat-otsikko": "",
    "guidance-opetussuunnitelmat-sisalto": "",
    "guidance-osa-otsikko": "Sisältö",
    "guidance-osa-sisalto": "Sisältöjä voi olla neljää eri tyyppia: Tekstikappale, Tutkinnon osa, Tutkinnon osien ryhmä ja Suorituspolku. Kaikille näille osille yhteistä on mahdollisuus hallita versioita ja muokata niiden sisältöä.",
    "guidance-poistetut-otsikko": "Poistetut osiot",
    "guidance-poistetut-sisalto": "Tässä näkymässä näet kaikki tutkinnosta poistetut osat. Voit palauttaa osan takaisin rakenteeseen palauta-painikkeella.",
    "guidance-sisalto-otsikko": "",
    "guidance-sisalto-sisalto": "",
    "guidance-tekstikappale-otsikko": "Sisältö",
    "guidance-tekstikappale-sisalto": "Kappaleen omassa näkymässä voit editoida kappalekohtaista sisältöä.",
    "guidance-tiedot-otsikko": "Toteutussuunnitelman tiedot",
    "guidance-tiedot-sisalto": "Tässä näkymässä voit hallita toteutussuunnitelman perustietoja.",
    "guidance-useinkysyttya-otsikko": "Usein kysytyt kysymykset",
    "guidance-useinkysyttya-sisalto": "Tässä näkymässä pystyt selaamaan usein kysyttyjä kysymyksiä.",
    "hae": "Hae",
    "hae-peruste": "Hae peruste",
    "hae-tilastot-toimijoittain": "Hae tilastot toimijoittain",
    "hae-toteutussuunnitelma": "Hae toteutussuunnitelma",
    "haetaan-vanhentuneet-toteutussuunnitelmat": "Haetaan vanhentuneet toteutussuunnitelmat",
    "haku-nimi": "Hae nimistä",
    "haku-termista": "Hae termeistä",
    "haku-virhe": "Tietojen haussa tapahtui virhe.",
    "hakutuloksia": "Hakutuloksia",
    "haluatko-varmasti-poistaa-sisallon": "Haluatko varmasti poistaa sisällön?",
    "haluatko-varmasti-siirtaa-opetussuunnitelman-organisaatiolle": "Haluatko varmasti siirtää toteutussuunnitelman organisaatiolle?",
    "henkilo-nimi": "Henkilön nimi",
    "hyvaksy-yhteistyo": "Hyväksy yhteistyö",
    "hyvaksyja": "Hyväksyjä",
    "hyvaksyjaa-ei-maaritelty": "Toteutussuunnitelman hyväksyjää ei ole määritetty",
    "jaettu-osa-info": "Tämä on jaettu osa",
    "jonossa": "Luonti on jonossa",
    "julkaistut": "Julkaistut",
    "julkaisukielet": "Julkaisukielet",
    "julkaisukielet-ei-maaritelty": "Julkaisukieliä ei ole määritetty",
    "julkinen": "Julkinen",
    "kaikki": "Kaikki",
    "kaikki-opetussuunnitelmat": "Kaikki toteutussuunnitelmat",
    "kansilehti": "Kansilehti",
    "kasite-alaviite-ohje": "Lisää käsite alaviiteksi PDF:llä",
    "kasitteet": "Käsitteet",
    "keskustelu": "Keskustelu",
    "kirjoita-kommentteja": "Suodata...",
    "kirjoita-kommentti": "Kirjoita kommentti...",
    "kommentti-ei-saa-ylittaa": "Kommentti ei saa olla yli {{ maara }} merkkiä pitkä.",
    "koodi": "Koodi",
    "koodilla-liian-monta-toteutusta": "Tutkinnon osia liikaa samalla koodilla",
    "koodisto-ammatillisenoppiaineet": "Osa-alueet",
    "koodisto-oppiaineetyleissivistava2": "Yleissivistävät oppiaineet",
    "koodisto-osaamisala": "Osaamisalat",
    "koodisto-tutkintonimikkeet": "Tutkintonimikkeet",
    "koodiston-hakeminen-epaonnistui": "Koodiston lataaminen epäonnistui",
    "kopioi-opetussuunnitelma-pohjaksi": "Ota vanha toteutussuunnitelma pohjaksi",
    "kopioi-suunnitelma-pohjaksi": "Ota koulutustoimijan yhteisen osuuden suunnitelma pohjaksi",
    "koulutuksen-osalla-ei-toteutuksia": "Koulutuksen osalle ei ole määritetty toteutuksia",
    "koulutuksen-osalle-ei-maaritelty-paikallisia-toteutuksia": "Koulutuksen osalle ei määritelty paikallisia toteutuksia",
    "koulutuksen-osalle-ei-toteutusta-koulutustoimijalla": "Koulutuksen järjestäjällä ei löydy toteutusta koulutuksen osalle",
    "koulutuksen-osat": "Koulutuksen osat",
    "koulutukset": "Koulutukset",
    "koulutusjarjestaja-kuvaus": "Koulutusjärjestäjän kuvaus",
    "koulutuskoodi": "Koulutuskoodi",
    "koulutustoimija": "Koulutustoimija",
    "koulutustoimija-yhteinen-osat": "Koulutustoimijan yhteinen osuus",
    "koulutustoimija-yhteiset-osat": "Koulutustoimijan yhteiset osat",
    "koulutustoimijalla-ei-ole-opetussuunnitelmia": "Opetussuunnitelmia ei ole vielä lisätty.",
    "koulutustoimijan-yhteista-osaa-ei-luotu": "Koulutustoimijan yhteistä osaa ei ole luotu",
    "koulutustyyppi_1": "Perustutkinto",
    "koulutustyyppi_11": "Ammattitutkinto",
    "koulutustyyppi_12": "Erikoisammattitutkinto",
    "koulutustyyppi_18": "VALMA",
    "koulutustyyppi_5": "TELMA",
    "kpl": "kpl",
    "kriteerin-teksti": "Kriteerin teksti",
    "kriteerit": "Kriteerit",
    "kuva-puuttuu": "Kuva puuttuu",
    "kuvat": "Kuvat",
    "kuvaus": "Kuvaus",
    "kysymys": "Kysymys",
    "laajuus": "Laajuus",
    "laajuusyksikko": "Laajuuden yksikkö",
    "ladataan-koodistoa": "Ladataan koodistoa...",
    "laheta": "Lähetä",
    "laheta-kaveripyynto": "Tee yhteistyöpyyntö",
    "lahetetty": "Lähetetty",
    "lataa": "Lataa",
    "lataa-vanhentuneet-ensin": "Päivitä lista ensin",
    "liikkumaton": "Liikkumaton",
    "liikkumaton-ei-saa-liikkua": "Liikkumatonta osaa ei saa liikuttaa",
    "liikuttaminen-estetty": "Estä osion liikuttaminen",
    "liitetyt-koodit": "Liitetyt koodit",
    "lisaa": "Lisää",
    "lisaa-ammattitaitovaatimus": "Lisää ammattitaitovaatimus",
    "lisaa-arviointi-kohde": "Lisää arvioinnin kohde",
    "lisaa-kohdealue": "Lisää kohdealue",
    "lisaa-kommentti": "Lisää kommentti",
    "lisaa-koodi": "Lisää koodi",
    "lisaa-kuva": "Lisää kuva",
    "lisaa-opetussuunnitelma": "Toteutussuunnitelma",
    "lisaa-oppimaara-koodi": "Lisää oppimääräkoodi",
    "lisaa-osaalue-koodi": "Lisää osa-alue",
    "lisaa-osaamisala-koodi": "Lisää osaamisalakoodi",
    "lisaa-pohja": "Lisää pohja",
    "lisaa-sisaltoa": "Lisää sisältöä",
    "lisaa-uusi": "Lisää uusi",
    "lisaa-uusi-tiedote": "Lisää uusi tiedote",
    "lisaa-vapaa-teksti": "Tekstikappale",
    "lisaa-yhteinen": "Lisää yhteinen",
    "lisaa-yleinen": "Lisää jaettu osa",
    "lisaasetukset": "Lisäasetukset",
    "lopeta-yhteistyo": "Lopeta yhteistyö",
    "lukitus-ajankohta": "Aloitettu",
    "lukitus-vapautuu": "Vapautuu",
    "lukko-kayttajalla": "Osa on muokattavana käyttäjällä",
    "luo-uusi-dokumentti": "Luo uusi dokumentti",
    "luodaan": "Luodaan",
    "luodaan-dokumenttia": "Luodaan dokumenttia...",
    "luoja": "Luoja",
    "luonnokset": "Luonnokset",
    "luotu": "Luotu",
    "muiden-organisaatioiden-opsit": "Muiden organisaatoiden toteutussuunnitelmat",
    "muokattu": "Muokattu",
    "muokkaa": "Muokkaa",
    "muokkaa-koodeja": "Muokkaa koodeja",
    "muokkaa-osaa": "Muokkaa osaa",
    "muokkaa-ryhmaa": "Muokkaa ryhmää",
    "muokkaaja": "Muokkaaja",
    "muokkaajaa-ei-loytynyt": "Käyttäjää ei löytynyt",
    "muokkaus-oikeus-info": "Sinulla on oikeus muokata tätä toteutussuunnitelmaa",
    "muru-root.koulutustoimija": "Koulutuksen järjestäjä",
    "muru-root.koulutustoimija.hallinta": "Hallinta",
    "muru-root.koulutustoimija.hallinta.opspaivitettavat": "Toteutussuunnitelmat joissa päivittyneet perusteet",
    "muru-root.koulutustoimija.hallinta.siirravanhat": "Siirrä vanhat toteutussuunnitelmat",
    "muru-root.koulutustoimija.hallinta.tiedot": "Tiedot",
    "muru-root.koulutustoimija.opetussuunnitelmat": "Toteutussuunnitelma",
    "muru-root.koulutustoimija.opetussuunnitelmat.dokumentti": "Dokumentti",
    "muru-root.koulutustoimija.opetussuunnitelmat.kasitteet": "Käsitteet",
    "muru-root.koulutustoimija.opetussuunnitelmat.oikeudet": "Oikeudet",
    "muru-root.koulutustoimija.opetussuunnitelmat.poistetut": "Poistetut",
    "muru-root.koulutustoimija.opetussuunnitelmat.sisalto": "Sisältö",
    "muru-root.koulutustoimija.opetussuunnitelmat.sisalto.tekstikappale": "Osa",
    "muru-root.koulutustoimija.opetussuunnitelmat.sisalto.tiedot": "Tiedot",
    "muru-root.koulutustoimija.useinkysyttya": "Usein kysytyt kysymykset",
    "muru-root.virhe": "Virhetila",
    "muut-organisaatiot": "Muut organisaatiot",
    "nakyma-ohje": "Näkymän ohjeistus",
    "nayta-arkistoidut": "Arkistoidut",
    "nayta-historia": "Historia",
    "nayta-kaikki": "Kaikki",
    "nayta-kokonaan": "Kokonaan",
    "nayta-kuvaus-julkisesti": "Näytä kuvaus julkisesti",
    "nayta-muutokset": "Muutokset",
    "nayta-poistetut": "Näytä poistetut",
    "nimi": "Nimi",
    "organisaation-hallinta": "Organisaation hallinta",
    "ohje-editointi-on-paalla": "Tallenna tai peruuta muutoksesi ennen siirtymistä",
    "ohjeistus": "Ohjeistus",
    "oikeudet": "Oikeudet",
    "oikeus": "Oikeus",
    "oikeus-estetty": "Estetty",
    "oikeus-hallinta": "Hallinta",
    "oikeus-lisays": "Lisäys",
    "oikeus-luku": "Luku",
    "oikeus-muokkaus": "Muokkaus",
    "oikeus-paivitetty": "Käyttäjäoikeus päivitetty",
    "oikeus-poisto": "Poisto",
    "ok": "Ok",
    "oma-organisaatio": "Oma organisaatio",
    "oma-tutkinnon-osa-ei-koodia": "Paikalliselta tutkinnon osalta puuttuu koodi",
    "oma-tutkinnon-osa-ei-sisaltoa": "Paikallisesta tutkinnon osasta puuttuu sisältö",
    "oma-tutkinnon-osa-koodi-ei-asetettu": "Paikallisen tutkinnon osan koodi ei ole asetettu",
    "oma-tutkinnon-osa-koodi-jo-kaytossa": "Paikallisen tutkinnon osan koodi on jo käytössä",
    "oma-tutkinnon-osa-virheellinen-koodi": "Osalla virheellinen koodi",
    "opetussuunnitelma": "Toteutussuunnitelma",
    "opetussuunnitelman-siirto-ohje": "Tällä toiminnolla voit siirtää toteutussuunnitelman toisen organisaation omistukseen. <b>Palautus on mahdollinen ainoastaan koulutuksen järjestäjän näkymästä mille toteutussuunnitelma on lisätty.</b>",
    "opetussuunnitelmat-joissa-vanhentunut-peruste": "Toteutussuunnitelmat joissa päivittyneet perusteet",
    "ops-tyyppi-ei-salli-luontia": "Toteutussuunnitelman tyyppi ei salli dokumentin luontia",
    "ops-validointivirheita": "Toteutussuunnitelma ei mene validoinnista läpi. Tarkista virheet validoimalla toteutussuunnitelma.",
    "opstyyppi-ops": "Toteutussuunnitelma",
    "opstyyppi-yhteinen": "Yhteinen osa",
    "opstyyppi-yleinen": "Jaettu osa",
    "organisaatiohierarkia": "Organisaatiohierarkia",
    "osa-alueet": "Osa-alueet",
    "osa-lukittu": "Osa lukittu",
    "osaamisala": "Osaamisala",
    "osaamisalat": "Osaamisalat",
    "osaamisalat-joihin-vaikutusta": "Osaamisalat",
    "osaamisen-arvioinnista": "Osaamisen arvioinnista",
    "osaamisen-arviointi": "Osaamisen arviointi",
    "osaamisen-arviointi-tekstina": "Osaamisen arviointi tekstinä",
    "osaamisen-osoittaminen": "Osaamisen osoittaminen",
    "osaamistaso": "Osaamistaso",
    "osaamistavoite-esitieto-virhe": "Osaamistavoitteen esitieto voi osoittaa vain pakolliseen osaamistavoitteeseen.",
    "osaamistavoitteet": "Osaamistavoitteet",
    "osan-historia": "Osan muutoshistoria",
    "osan-nimi": "Osan nimi",
    "osasuorituspolku": "Osasuorituspolku",
    "osasuorituspolku-laajuus": "Osasuorituspolun kokonaislaajuus",
    "ota-versio-kayttoon": "Ota tämä versio käyttöön",
    "otsikko": "Otsikko",
    "otsikko-koulutuksenosa": "Lisää koulutuksen osa",
    "otsikko-muodostuminen": "Lisää suorituspolku",
    "otsikko-osasuorituspolku": "Lisää osasuorituspolku",
    "otsikko-puuttuu": "Otsikko puuttuu",
    "otsikko-suorituspolku": "Lisää suorituspolku",
    "otsikko-tekstikappale": "Lisää tekstikappale",
    "otsikko-tutkinnonosa": "Lisää tutkinnon osa",
    "otsikko-tutkinnonosaryhma": "Lisää ryhmä tutkinnon osille",
    "paatosnumero": "Päätösnumero",
    "paatosnumero-on-jo-kaytossa": "Päätösnumero on jo käytössä",
    "paatosnumeroa-ei-maaritelty": "Toteutussuunnitelmalla ei ole päätösnumeroa",
    "paatospaivamaaraa-ei-maaritelty": "Päätöspäivämäärää ei ole määritetty",
    "paatospvm": "Päätöspäivämäärä",
    "paikallinen-koodi-info": "Paikallisen koodin pitää olla numero (1000 - 999999999)",
    "paikallinen-koodi-jo-kaytossa": "Paikallisesti laaditun tutkinnon osan koodi on jo käytössä jossain muussa paikallisessa tutkinnon osassa.",
    "paivita": "Päivitä",
    "pakollinen": "Pakollinen",
    "pakollinen-ei-saa-poistaa": "Pakollista ei saa poistaa",
    "pakolliset-osaamistavoitteet": "Pakolliset osaamistavoitteet",
    "pakolliset-tavoitteet": "Pakolliset osaamistavoitteet",
    "palaa-uusimpaan": "Palaa uusimpaan versioon",
    "palauta": "Palauta",
    "palauta-ja-siirry": "Palauta ja siirry",
    "palauta-kaikki": "Palauta kaikki",
    "palauta-osia": "Palauta poistettuja osia",
    "palvelin-virhetilanne": "Sisäinen palvelinvirhe",
    "pdf": "PDF",
    "peruste": "Peruste",
    "perusteen-parsinta-epaonnistui": "Perusteen haku epäonnistui",
    "perusteen-sisalto": "Perusteen sisältö",
    "perusteen-sisalto-tooltip": "Tällä asetuksella voidaan lisätä perusteen sisältö generoitavaan dokumenttiin",
    "perusteen-tiedot": "Perusteen tiedot",
    "peruuta": "Peruuta",
    "peruuta-pyynto": "Peruuta pyynto",
    "piilota-perusteen-teksti": "Piilota perusteen teksti",
    "piilota-poistetut": "Piilota poistetut",
    "pohjan-nimi": "Pohjan nimi",
    "poista": "Poista",
    "poista-ammattitaitovaatimus": "Poista ammattitaitovaatimus",
    "poista-toteutus": "Poista toteutus",
    "poista-vanha-ja-editoi-uutta": "Jatka normaalisti",
    "poistaja": "Poistaja",
    "poistetaanko-kommentti": "Poistetaanko kommentti?",
    "poistettu-otsikko": "Poistetun nimi",
    "poistetut": "Poistetut",
    "poisto-tekstikappale-onnistui": "Osan poisto onnistui",
    "poistopaivamaara": "Pvm",
    "poistotyyppi-koulutuksenosa": "Koulutuksen osa",
    "poistotyyppi-suorituspolku": "Suorituspolku",
    "poistotyyppi-tekstikappale": "Tekstikappale",
    "poistotyyppi-tutkinnonosa": "Tutkinnon osa",
    "poistotyyppi-tutkinnonosaryhma": "Moduuli",
    "pyynnot-muilta-organisaatioilta": "Pyynnöt muilta organisaatioilta",
    "rajaa-sisaltoa": "Rajaa sisältöä",
    "ru": "venäjä",
    "salli-yhteistyo": "Salli yhteistyöpyynnöt muilta organisaatioilta",
    "se": "saame",
    "seuraava": "Seuraava",
    "siirra": "Siirrä",
    "siirra-kaikki": "Siirrä kaikki",
    "siirra-opetussuunnitelma": "Siirrä toteutussuunnitelma ystäväorganisaatiolle",
    "siirravanhat": "Siirrä vanhat toteutussuunnitelmat",
    "siirtyma-aika-loppuu": "Siirtymä päättyy",
    "sisalto": "Sisältö",
    "sisalto-kieli": "Sisällön kieli",
    "sisalto-poistetaa-mahdollinen-palauttaa": "Poiston jälkeen osa on vielä palautettavissa.",
    "sisaltotyyppi-koulutuksenosa": "Koulutuksen osa",
    "sisaltotyyppi-osasuorituspolku": "Osasuorituspolku",
    "sisaltotyyppi-suorituspolku": "Suorituspolku",
    "sisaltotyyppi-tekstikappale": "Tekstikappale",
    "sisaltotyyppi-tutkinnonosa": "Tutkinnon osa",
    "sisaltotyyppi-tutkinnonosaryhma": "Ryhmä tutkinnon osille",
    "sulje-kaikki": "Sulje kaikki",
    "suodata": "Suodata",
    "suodata-versioita": "Suodata versioita",
    "suorituspolku": "Suorituspolku",
    "suorituspolku-koodi-ei-toteutusta": "Suorituspolkuun liittyvää osaa ei löytynyt",
    "suorituspolku-sisaltaa-virheita": "Suorituspolku sisältää virheitä",
    "suorituspolut-ei-voi-poistaa": "Suorituspolut kappaletta ei saa poistaa",
    "suorituspolut-puuttuvat": "Suorituspolut puuttuvat",
    "suoritustapa-naytto": "Näyttötutkinto",
    "suoritustapa-ops": "Peruskoulutus",
    "suosikki-opetussuunnitelmat": "Suosikit",
    "sv": "ruotsi",
    "syy": "Syy",
    "tallenna": "Tallenna",
    "tallennus-onnistui": "Tallennus onnistui",
    "tarkastelet-vanhempaa-versiota": "Tarkastelet osion vanhempaa versiota",
    "tarkea": "Tärkeä",
    "tarkennettu-haku": "Tarkennettu haku",
    "tarkista": "Tarkista",
    "tavat-ja-ymparisto": "Tavat- ja ympäristö",
    "tavoitteet": "Tavoitteet",
    "tekstikappale-ei-voi-poistaa": "Tekstikappaletta ei saa poistaa",
    "tekstikappale-ohjeteksti": "Ohje",
    "tekstikappale-perusteteksti": "Perusteen teksti",
    "tekstikappaleet": "Tekstikappaleet",
    "termi-plugin-button-label": "Viittaus käsitteeseen",
    "termi-plugin-label": "Viittaus käsitteeseen",
    "termi-plugin-label-teksti": "Teksti johon viittaus liitetään",
    "termi-plugin-label-termi": "Käsite johon viitataan",
    "termi-plugin-lisaa-uusi": "Lisää uusi käsite",
    "termi-plugin-menu-muokkaa": "Muokkaa viittausta käsitteeseen",
    "termi-plugin-menu-poista": "Poista viittaus käsitteeseen",
    "termi-plugin-select-placeholder": "Valitse käsite...",
    "termi-plugin-tallennettu": "Tallennus onnistui",
    "termi-plugin-title": "Lisää viittaus tai muokkaa viittausta käsitteeseen",
    "termi-plugin-virhe-teksti-tyhja": "Teksti johon viittaus liitetään ei voi olla tyhjä.",
    "termi-plugin-virhe-viite-tyhja": "Valitse käsite johon viitataan.",
    "termia-ei-loytynyt": "Käsitettä ei löytynyt",
    "termin-selitys": "Käsitteen kuvaus",
    "tiedot": "Tiedot",
    "tiedote-kuitattu": "Tiedote kuitattu",
    "tiedotteet": "Tiedotteet",
    "tiedotteita-ei-ole": "Tiedotteita ei ole.",
    "tiivistelma": "Tiivistelmä",
    "tila-julkaistu": "Julkaistu",
    "tila-luonnos": "Luonnos",
    "tila-poistettu": "Arkistoitu",
    "tila-valmis": "Valmis",
    "tilakuvaus-julkaistu": "Toteutussuunnitelma tulee näkyviin julkiselle puolelle ja käytettäväksi muista järjestelmistä käsin. <b>Toteutussuunnitelma on mahdollista palauttaa laadintaan</b>.",
    "tilakuvaus-luonnos": "Toteutussuunnitelma on vielä täysin työstettävänä.",
    "tilakuvaus-poistettu": "Toteutussuunnitelma piilotetaan normaalista käyttöliittymästä. <b>Palauttaminen laadintaan on mahdollista</b>",
    "tilakuvaus-valmis": "Toteutussuunnitelma on viilauksia vaille valmis.",
    "tilastot": "Tilastot",
    "tilastot-kayttajia": "Käyttäjiä",
    "tilastot-koulutustoimijoita": "Koulutuksen järjestäjiä",
    "tilastot-opetussuunnitelmia": "Opetussuunnitelmia",
    "tilastot-toimijoittain": "Tilastot toimijoittain",
    "toggle-ohjeteksti": "Näytä ohje",
    "toggle-perusteteksti": "Näytä tukiteksti",
    "toiminnot": "Toiminnot",
    "toiminto": "Toiminto",
    "toiminto-vaatii-oikeuden": "Toiminto vaatii oikeuden",
    "tosa-otsikko-puuttuu": "Tutkinnon osien otsikko puuttuu",
    "toteutuksen-otsikko-ei-maaritelty": "Toteutuksen otsikko ei ole määritelty",
    "toteutukset": "Toteutukset",
    "toteutus": "Toteutus",
    "tulee-voimaan": "Tulossa voimaan",
    "tuntematon-kayttaja": "Tuntematon käyttäjä",
    "tuo": "Tuo",
    "tuo-sisaltoa-muista-opseista": "Tuo sisältöä muista toteutussuunnitelmista",
    "tuo-tutkinnon-osa-perusteesta": "Tuo tutkinnon osa perusteesta",
    "tutkinnon-diaarinumero": "Tutkinnon diaarinumero",
    "tutkinnon-nimi": "Tutkinnon nimi",
    "tutkinnon-osaa-ei-olemassa": "Tutkinnon osaa ei ole määritelty",
    "tutkinnon-osalla-ei-toteutuksia": "Tutkinnon osalle ei ole määritetty toteutuksia",
    "tutkinnon-osalle-ei-maaritelty-paikallisia-toteutuksia": "Tutkinnon osalle ei määritelty paikallisia toteutuksia",
    "tutkinnon-osalle-ei-toteutusta-koulutustoimijalla": "Koulutuksen järjestäjällä ei löydy toteutusta tutkinnon osalle",
    "tutkinnon-osat": "Tutkinnon osat",
    "tutkinnon-tyyppi": "Tutkinnon tyyppi",
    "tutkinnonosa-parent-ei-voi-olla-tutkinnonosa": "Tutkinnon osa ei voi olla tutkinnon osan alla",
    "tutkinnonosat-ei-voi-poistaa": "Tutkinnon osat kappaletta ei saa poistaa",
    "tutkinto": "Tutkinto",
    "tyylit": "Tyylit",
    "tyyppi": "Tyyppi",
    "usein-kysytyt-kysymykset": "Usein kysytyt kysymykset",
    "uuden-aikaleima": "Uusi aikaleima",
    "uusi-dokumentti": "Uusi dokumentti",
    "uusi-opetussuunnitelma": "Luo uusi toteutussuunnitelma",
    "uusi-suunnitelma": "Luo uusi suunnitelma pohjasta",
    "uusi-tiedote": "Uusi tiedote",
    "vaatimuksen-kohteen-otsikko": "Vaatimuksen kohteen otsikko",
    "vaatimuksen-kohteen-selite": "Vaatimuksen kohteen selite",
    "vaatimuksen-selite": "Vaatimuksen selite",
    "vahemman": "Vähemmän",
    "vahvista-poisto": "Vahvista poisto",
    "vaihda-tilaa": "Vaihda tila",
    "vain-joilla-oikeuksia": "Erikoisoikeudelliset",
    "vain-paikalliset": "Paikalliset",
    "vain-valitut": "Valitut",
    "validoi-ops": "Validoi",
    "validointi": "Validointi",
    "validointi-ei-virheita": "Ei validointivirheitä",
    "validointi-huomiot": "Huomiot",
    "validointi-varoitukset": "Varoitukset",
    "validointi-virheet": "Virheet",
    "valinnaiset-osaamistavoitteet": "Valinnaiset osaamistavoitteet",
    "valitse": "Valitse",
    "valitse-koodi": "Valitse koodeista",
    "valitse-pohja": "Valitse pohja",
    "valitse-suoritustapa": "Valitse suoritustapa",
    "valmiit": "Valmiit",
    "valmis": "Valmis",
    "vanha-osa-loytyi": "Paikallinen välitallennus löytyi",
    "vanha-osa-loytyi-ohje": "Sisällöstä on havaittu paikallisesti tallentamaton versio. Voit halutessasi ottaa käyttöön paikallisen version tai jatkaa uusimman version.",
    "vanhaa-versiota-ei-loytynyt": "Osalle ei löytynyt vanhaa versiosta",
    "vanhaa-versiota-ei-loytynyt-selite": "Sisältöä ei ole vielä luotu tai tätä ominaisuutta ei ollut olemassa osan luomis hetkellä",
    "vanhan-aikaleima": "Vanha aikaleima",
    "varmista-siirto": "Varmista siirto",
    "vastaa": "Vastaa",
    "vastaus": "Vastaus",
    "versio": "Versio",
    "versio-historia": "Versiohistoria",
    "versio-palautettu-onnistuneesti": "Versio palautettiin onnistuneesti",
    "versiohistoria": "Versiohistoria",
    "viesti-poistettu": "Viesti poistettu",
    "viimeksi-muokattu": "Muokattu viimeksi",
    "viitteet": "Viitteet",
    "virhe-ei-koulutustoimijoita": "Valitettavasti sinulle ei ole vielä jaettu käyttöoikeuksia käyttäjänhallintaan. Saat nämä tiedustelemalta oikealta taholta.",
    "virhe-ei-koulutustoimijoita-otsikko": "Koulutuksen järjestäjät puuttuvat",
    "virheellinen-rakenteen-osa": "Virheellinen suorituspolun osa",
    "voimaantulopvm": "Voimaantulopäivämäärä",
    "voimassa-olo-alkoi": "Voimassaolon alkaminen",
    "voimassa-olo-paattyy": "Voimassaolon päättyminen",
    "yhteiset-osuudet-ei-ole": "Yhtään julkaistua koulutustoimijan yhteisien osuuksien suunnitelmaa ei löytynyt",
    "yhteisien-osien-pohja": "Yhteisten osien pohja",
    "yhteisien-osien-pohjat": "Yhteisten osien pohjat",
    "yhteisien-osien-pohjia-ei-viela-luotu": "Yhteisien osien pohjia ei luotu.",
    "yhteistyo": "Yhteistyö",
    "yhteistyo-kysytty": "Yhteistyö kysytty organisaatiolta",
    "yhteistyo-odottaa-hyvaksymista": "Yhteistyö odottaa hyväksymistä",
    "yhteistyo-ohje": "Tällä toiminnolla voit sallia yhteistyön toisen organisaation kanssa. Toisen organisaation pitää yhteistyön muodostos.",
    "yhteistyo-organisaation-kanssa": "Yhteistyö organisaation kanssa",
    "yhteistyon-sallivat-koulutustoimijat": "Yhteistyön sallivat organisaatiot",
    "ylatunniste": "Ylätunniste",
    "ystava-organisaatiot": "Ystäväorganisaatiot"
}
